{
    "apps": [
        {
            "name": "startup",
            "script": "startup.py",
            "exec_interpreter": "python",
            "merge_logs": false,
            "watch": false,
            "error_file": "C:/git/bwb/logs/startup.pro.error.log",
            "out_file": "C:/git/bwb/logs/startup.pro.out.log"
        },
        {
            "name": "data_center",
            "script": "data_center.py",
            "exec_interpreter": "python",
            "merge_logs": false,
            "watch": false,
            "error_file": "C:/git/bwb/logs/data_center.pro.error.log",
            "out_file": "C:/git/bwb/logs/data_center.pro.out.log"
        },
        {
            "name": "monitor",
            "script": "monitor.py",
            "exec_interpreter": "python",
            "merge_logs": false,
            "watch": false,
            "error_file": "C:/git/bwb/logs/monitor.pro.error.log",
            "out_file": "C:/git/bwb/logs/monitor.pro.out.log"
        },
        {
            "name": "delist",
            "script": "delist.py",
            "exec_interpreter": "python",
            "merge_logs": false,
            "watch": false,
            "error_file": "C:/git/bwb/logs/delist.pro.error.log",
            "out_file": "C:/git/bwb/logs/delist.pro.out.log"
        },
        {
            "name": "sync_time",
            "script": "sync_time.py",
            "exec_interpreter": "python",
            "merge_logs": false,
            "watch": false,
            "error_file": "C:/git/bwb/logs/sync_time.pro.error.log",
            "out_file": "C:/git/bwb/logs/sync_time.pro.out.log"
        }
    ]
}